1,Luís,Gonçalves,98
1,Luís,Gonçalves,121
1,Luís,Gonçalves,143
1,Luís,Gonçalves,195
1,Luís,Gonçalves,316
1,Luís,Gonçalves,327
1,Luís,Gonçalves,382
2,Leonie,Köhler,1
2,Leonie,Köhler,12
2,Leonie,Köhler,67
2,Leonie,Köhler,196
2,Leonie,Köhler,219
2,Leonie,Köhler,241
2,Leonie,Köhler,293
3,François,Tremblay,99
3,François,Tremblay,110
3,François,Tremblay,165
3,François,Tremblay,294
3,François,Tremblay,317
3,François,Tremblay,339
3,François,Tremblay,391
4,Bjørn,Hansen,2
4,Bjørn,Hansen,24
4,Bjørn,Hansen,76
4,Bjørn,Hansen,197
4,Bjørn,Hansen,208
4,Bjørn,Hansen,263
4,Bjørn,Hansen,392
5,František,Wichterlová,77
5,František,Wichterlová,100
5,František,Wichterlová,122
5,František,Wichterlová,174
5,František,Wichterlová,295
5,František,Wichterlová,306
5,František,Wichterlová,361
6,Helena,Holý,46
6,Helena,Holý,175
6,Helena,Holý,198
6,Helena,Holý,220
6,Helena,Holý,272
6,Helena,Holý,393
6,Helena,Holý,404
7,Astrid,Gruber,78
7,Astrid,Gruber,89
7,Astrid,Gruber,144
7,Astrid,Gruber,273
7,Astrid,Gruber,296
7,Astrid,Gruber,318
7,Astrid,Gruber,370
8,Daan,Peeters,3
8,Daan,Peeters,55
8,Daan,Peeters,176
8,Daan,Peeters,187
8,Daan,Peeters,242
8,Daan,Peeters,371
8,Daan,Peeters,394
9,Kara,Nielsen,56
9,Kara,Nielsen,79
9,Kara,Nielsen,101
9,Kara,Nielsen,153
9,Kara,Nielsen,274
9,Kara,Nielsen,285
9,Kara,Nielsen,340
10,Eduardo,Martins,25
10,Eduardo,Martins,154
10,Eduardo,Martins,177
10,Eduardo,Martins,199
10,Eduardo,Martins,251
10,Eduardo,Martins,372
10,Eduardo,Martins,383
11,Alexandre,Rocha,57
11,Alexandre,Rocha,68
11,Alexandre,Rocha,123
11,Alexandre,Rocha,252
11,Alexandre,Rocha,275
11,Alexandre,Rocha,297
11,Alexandre,Rocha,349
12,Roberto,Almeida,34
12,Roberto,Almeida,155
12,Roberto,Almeida,166
12,Roberto,Almeida,221
12,Roberto,Almeida,350
12,Roberto,Almeida,373
12,Roberto,Almeida,395
13,Fernanda,Ramos,35
13,Fernanda,Ramos,58
13,Fernanda,Ramos,80
13,Fernanda,Ramos,132
13,Fernanda,Ramos,253
13,Fernanda,Ramos,264
13,Fernanda,Ramos,319
14,Mark,Philips,4
14,Mark,Philips,133
14,Mark,Philips,156
14,Mark,Philips,178
14,Mark,Philips,230
14,Mark,Philips,351
14,Mark,Philips,362
15,Jennifer,Peterson,36
15,Jennifer,Peterson,47
15,Jennifer,Peterson,102
15,Jennifer,Peterson,231
15,Jennifer,Peterson,254
15,Jennifer,Peterson,276
15,Jennifer,Peterson,328
16,Frank,Harris,13
16,Frank,Harris,134
16,Frank,Harris,145
16,Frank,Harris,200
16,Frank,Harris,329
16,Frank,Harris,352
16,Frank,Harris,374
17,Jack,Smith,14
17,Jack,Smith,37
17,Jack,Smith,59
17,Jack,Smith,111
17,Jack,Smith,232
17,Jack,Smith,243
17,Jack,Smith,298
18,Michelle,Brooks,112
18,Michelle,Brooks,135
18,Michelle,Brooks,157
18,Michelle,Brooks,209
18,Michelle,Brooks,330
18,Michelle,Brooks,341
18,Michelle,Brooks,396
19,Tim,Goyer,15
19,Tim,Goyer,26
19,Tim,Goyer,81
19,Tim,Goyer,210
19,Tim,Goyer,233
19,Tim,Goyer,255
19,Tim,Goyer,307
20,Dan,Miller,113
20,Dan,Miller,124
20,Dan,Miller,179
20,Dan,Miller,308
20,Dan,Miller,331
20,Dan,Miller,353
20,Dan,Miller,405
21,Kathy,Chase,16
21,Kathy,Chase,38
21,Kathy,Chase,90
21,Kathy,Chase,211
21,Kathy,Chase,222
21,Kathy,Chase,277
21,Kathy,Chase,406
22,Heather,Leacock,91
22,Heather,Leacock,114
22,Heather,Leacock,136
22,Heather,Leacock,188
22,Heather,Leacock,309
22,Heather,Leacock,320
22,Heather,Leacock,375
23,John,Gordon,5
23,John,Gordon,60
23,John,Gordon,189
23,John,Gordon,212
23,John,Gordon,234
23,John,Gordon,286
23,John,Gordon,407
24,Frank,Ralston,92
24,Frank,Ralston,103
24,Frank,Ralston,158
24,Frank,Ralston,287
24,Frank,Ralston,310
24,Frank,Ralston,332
24,Frank,Ralston,384
25,Victor,Stevens,17
25,Victor,Stevens,69
25,Victor,Stevens,190
25,Victor,Stevens,201
25,Victor,Stevens,256
25,Victor,Stevens,385
25,Victor,Stevens,408
26,Richard,Cunningham,70
26,Richard,Cunningham,93
26,Richard,Cunningham,115
26,Richard,Cunningham,167
26,Richard,Cunningham,288
26,Richard,Cunningham,299
26,Richard,Cunningham,354
27,Patrick,Gray,39
27,Patrick,Gray,168
27,Patrick,Gray,191
27,Patrick,Gray,213
27,Patrick,Gray,265
27,Patrick,Gray,386
27,Patrick,Gray,397
28,Julia,Barnett,71
28,Julia,Barnett,82
28,Julia,Barnett,137
28,Julia,Barnett,266
28,Julia,Barnett,289
28,Julia,Barnett,311
28,Julia,Barnett,363
29,Robert,Brown,48
29,Robert,Brown,169
29,Robert,Brown,180
29,Robert,Brown,235
29,Robert,Brown,364
29,Robert,Brown,387
29,Robert,Brown,409
30,Edward,Francis,49
30,Edward,Francis,72
30,Edward,Francis,94
30,Edward,Francis,146
30,Edward,Francis,267
30,Edward,Francis,278
30,Edward,Francis,333
31,Martha,Silk,18
31,Martha,Silk,147
31,Martha,Silk,170
31,Martha,Silk,192
31,Martha,Silk,244
31,Martha,Silk,365
31,Martha,Silk,376
32,Aaron,Mitchell,50
32,Aaron,Mitchell,61
32,Aaron,Mitchell,116
32,Aaron,Mitchell,245
32,Aaron,Mitchell,268
32,Aaron,Mitchell,290
32,Aaron,Mitchell,342
33,Ellie,Sullivan,27
33,Ellie,Sullivan,148
33,Ellie,Sullivan,159
33,Ellie,Sullivan,214
33,Ellie,Sullivan,343
33,Ellie,Sullivan,366
33,Ellie,Sullivan,388
34,João,Fernandes,28
34,João,Fernandes,51
34,João,Fernandes,73
34,João,Fernandes,125
34,João,Fernandes,246
34,João,Fernandes,257
34,João,Fernandes,312
35,Madalena,Sampaio,126
35,Madalena,Sampaio,149
35,Madalena,Sampaio,171
35,Madalena,Sampaio,223
35,Madalena,Sampaio,344
35,Madalena,Sampaio,355
35,Madalena,Sampaio,410
36,Hannah,Schneider,29
36,Hannah,Schneider,40
36,Hannah,Schneider,95
36,Hannah,Schneider,224
36,Hannah,Schneider,247
36,Hannah,Schneider,269
36,Hannah,Schneider,321
37,Fynn,Zimmermann,6
37,Fynn,Zimmermann,127
37,Fynn,Zimmermann,138
37,Fynn,Zimmermann,193
37,Fynn,Zimmermann,322
37,Fynn,Zimmermann,345
37,Fynn,Zimmermann,367
38,Niklas,Schröder,7
38,Niklas,Schröder,30
38,Niklas,Schröder,52
38,Niklas,Schröder,104
38,Niklas,Schröder,225
38,Niklas,Schröder,236
38,Niklas,Schröder,291
39,Camille,Bernard,105
39,Camille,Bernard,128
39,Camille,Bernard,150
39,Camille,Bernard,202
39,Camille,Bernard,323
39,Camille,Bernard,334
39,Camille,Bernard,389
40,Dominique,Lefebvre,8
40,Dominique,Lefebvre,19
40,Dominique,Lefebvre,74
40,Dominique,Lefebvre,203
40,Dominique,Lefebvre,226
40,Dominique,Lefebvre,248
40,Dominique,Lefebvre,300
41,Marc,Dubois,106
41,Marc,Dubois,117
41,Marc,Dubois,172
41,Marc,Dubois,301
41,Marc,Dubois,324
41,Marc,Dubois,346
41,Marc,Dubois,398
42,Wyatt,Girard,9
42,Wyatt,Girard,31
42,Wyatt,Girard,83
42,Wyatt,Girard,204
42,Wyatt,Girard,215
42,Wyatt,Girard,270
42,Wyatt,Girard,399
43,Isabelle,Mercier,84
43,Isabelle,Mercier,107
43,Isabelle,Mercier,129
43,Isabelle,Mercier,181
43,Isabelle,Mercier,302
43,Isabelle,Mercier,313
43,Isabelle,Mercier,368
44,Terhi,Hämäläinen,53
44,Terhi,Hämäläinen,182
44,Terhi,Hämäläinen,205
44,Terhi,Hämäläinen,227
44,Terhi,Hämäläinen,279
44,Terhi,Hämäläinen,400
44,Terhi,Hämäläinen,411
45,Ladislav,Kovács,85
45,Ladislav,Kovács,96
45,Ladislav,Kovács,151
45,Ladislav,Kovács,280
45,Ladislav,Kovács,303
45,Ladislav,Kovács,325
45,Ladislav,Kovács,377
46,Hugh,O'Reilly,10
46,Hugh,O'Reilly,62
46,Hugh,O'Reilly,183
46,Hugh,O'Reilly,194
46,Hugh,O'Reilly,249
46,Hugh,O'Reilly,378
46,Hugh,O'Reilly,401
47,Lucas,Mancini,63
47,Lucas,Mancini,86
47,Lucas,Mancini,108
47,Lucas,Mancini,160
47,Lucas,Mancini,281
47,Lucas,Mancini,292
47,Lucas,Mancini,347
48,Johannes,Van der Berg,32
48,Johannes,Van der Berg,161
48,Johannes,Van der Berg,184
48,Johannes,Van der Berg,206
48,Johannes,Van der Berg,258
48,Johannes,Van der Berg,379
48,Johannes,Van der Berg,390
49,Stanis?aw,Wójcik,64
49,Stanis?aw,Wójcik,75
49,Stanis?aw,Wójcik,130
49,Stanis?aw,Wójcik,259
49,Stanis?aw,Wójcik,282
49,Stanis?aw,Wójcik,304
49,Stanis?aw,Wójcik,356
50,Enrique,Muñoz,41
50,Enrique,Muñoz,162
50,Enrique,Muñoz,173
50,Enrique,Muñoz,228
50,Enrique,Muñoz,357
50,Enrique,Muñoz,380
50,Enrique,Muñoz,402
51,Joakim,Johansson,42
51,Joakim,Johansson,65
51,Joakim,Johansson,87
51,Joakim,Johansson,139
51,Joakim,Johansson,260
51,Joakim,Johansson,271
51,Joakim,Johansson,326
52,Emma,Jones,11
52,Emma,Jones,140
52,Emma,Jones,163
52,Emma,Jones,185
52,Emma,Jones,237
52,Emma,Jones,358
52,Emma,Jones,369
53,Phil,Hughes,43
53,Phil,Hughes,54
53,Phil,Hughes,109
53,Phil,Hughes,238
53,Phil,Hughes,261
53,Phil,Hughes,283
53,Phil,Hughes,335
54,Steve,Murray,20
54,Steve,Murray,141
54,Steve,Murray,152
54,Steve,Murray,207
54,Steve,Murray,336
54,Steve,Murray,359
54,Steve,Murray,381
55,Mark,Taylor,21
55,Mark,Taylor,44
55,Mark,Taylor,66
55,Mark,Taylor,118
55,Mark,Taylor,239
55,Mark,Taylor,250
55,Mark,Taylor,305
56,Diego,Gutiérrez,119
56,Diego,Gutiérrez,142
56,Diego,Gutiérrez,164
56,Diego,Gutiérrez,216
56,Diego,Gutiérrez,337
56,Diego,Gutiérrez,348
56,Diego,Gutiérrez,403
57,Luis,Rojas,22
57,Luis,Rojas,33
57,Luis,Rojas,88
57,Luis,Rojas,217
57,Luis,Rojas,240
57,Luis,Rojas,262
57,Luis,Rojas,314
58,Manoj,Pareek,120
58,Manoj,Pareek,131
58,Manoj,Pareek,186
58,Manoj,Pareek,315
58,Manoj,Pareek,338
58,Manoj,Pareek,360
58,Manoj,Pareek,412
59,Puja,Srivastava,23
59,Puja,Srivastava,45
59,Puja,Srivastava,97
59,Puja,Srivastava,218
59,Puja,Srivastava,229
59,Puja,Srivastava,284
